sabio_entry_id	ec_number	kegg_reaction_id	enzyme_name	parameter_type	parameter_value	parameter_unit	substrate	organism	tissue	temperature	ph	pubmed_id
REAC_0	2.8.2.		Enzyme wildtype HS6ST	Km	4.4E-7	M	3'-Phosphoadenylyl sulfate	Cricetulus griseus		37.0	6.8
REAC_1	6.1.1.6	R03658	lysine---tRNA ligase(Enzyme) wildtype LysRS	Km	2E-6	M	tRNA(Lys)	Cricetulus griseus		25.0	7.5
REAC_1	6.1.1.6	R03658	lysine---tRNA ligase(Enzyme) wildtype LysRS	Km	3150000	Mwedgeoneswedgeone	kcat_Km_tRNALys	Cricetulus griseus		25.0	7.5
REAC_1	6.1.1.6	R03658	lysine---tRNA ligase(Enzyme) wildtype LysRS	kcat	6.3	swedgeone		Cricetulus griseus		25.0	7.5
REAC_2	6.1.1.6	R03658	lysine---tRNA ligase(Enzyme) wildtype LysRS	Km	3E-6	M	tRNA(Lys)	Cricetulus griseus		25.0	7.5
REAC_2	6.1.1.6	R03658	lysine---tRNA ligase(Enzyme) wildtype LysRS	Km	2070000	Mwedgeoneswedgeone	kcat_Km_tRNALys	Cricetulus griseus		25.0	7.5
REAC_2	6.1.1.6	R03658	lysine---tRNA ligase(Enzyme) wildtype LysRS	kcat	6.2	swedgeone		Cricetulus griseus		25.0	7.5
REAC_3	6.1.1.6	R03658	lysine---tRNA ligase(Enzyme) mutant LysRS-deltaN (aa 1-50 deleted)	Km	670000	Mwedgeoneswedgeone	kcat_Km_tRNALys	Cricetulus griseus		25.0	7.5
REAC_3	6.1.1.6	R03658	lysine---tRNA ligase(Enzyme) mutant LysRS-deltaN (aa 1-50 deleted)	kcat	7.8	swedgeone		Cricetulus griseus		25.0	7.5
REAC_3	6.1.1.6	R03658	lysine---tRNA ligase(Enzyme) mutant LysRS-deltaN (aa 1-50 deleted)	Km	1.17E-5	M	tRNA(Lys)	Cricetulus griseus		25.0	7.5
REAC_4	6.1.1.6	R03658	lysine---tRNA ligase(Enzyme) wildtype LysRS	Km	0.000104	M	L-Lysine	Cricetulus griseus		25.0	7.5
REAC_4	6.1.1.6	R03658	lysine---tRNA ligase(Enzyme) wildtype LysRS	Km	56000	Mwedgeoneswedgeone	kcat_Km_LLysine	Cricetulus griseus		25.0	7.5
REAC_4	6.1.1.6	R03658	lysine---tRNA ligase(Enzyme) wildtype LysRS	kcat	5.8	swedgeone		Cricetulus griseus		25.0	7.5
REAC_5	6.1.1.6	R03658	lysine---tRNA ligase(Enzyme) mutant LysRS-deltaN (aa 1-50 deleted)	Km	9.2E-5	M	L-Lysine	Cricetulus griseus		25.0	7.5
REAC_5	6.1.1.6	R03658	lysine---tRNA ligase(Enzyme) mutant LysRS-deltaN (aa 1-50 deleted)	kcat	5.1	swedgeone		Cricetulus griseus		25.0	7.5
REAC_5	6.1.1.6	R03658	lysine---tRNA ligase(Enzyme) mutant LysRS-deltaN (aa 1-50 deleted)	Km	55000	Mwedgeoneswedgeone	kcat_Km_LLysine	Cricetulus griseus		25.0	7.5
REAC_6	6.1.1.6	R03658	lysine---tRNA ligase(Enzyme) wildtype LysRS	Km	20000	Mwedgeoneswedgeone	kcat_Km_ATP	Cricetulus griseus		25.0	7.5
REAC_6	6.1.1.6	R03658	lysine---tRNA ligase(Enzyme) wildtype LysRS	Km	0.00025	M	ATP	Cricetulus griseus		25.0	7.5
REAC_6	6.1.1.6	R03658	lysine---tRNA ligase(Enzyme) wildtype LysRS	kcat	5	swedgeone		Cricetulus griseus		25.0	7.5
REAC_7	6.1.1.6	R03658	lysine---tRNA ligase(Enzyme) mutant LysRS-deltaN (1-50 N-term deletion)	kcat	5.1	swedgeone		Cricetulus griseus		25.0	7.5
REAC_7	6.1.1.6	R03658	lysine---tRNA ligase(Enzyme) mutant LysRS-deltaN (1-50 N-term deletion)	Km	0.000195	M	ATP	Cricetulus griseus		25.0	7.5
REAC_7	6.1.1.6	R03658	lysine---tRNA ligase(Enzyme) mutant LysRS-deltaN (1-50 N-term deletion)	Km	26000	Mwedgeoneswedgeone	kcat_Km_ATP	Cricetulus griseus		25.0	7.5
REAC_8	6.1.1.6	R03658	lysine---tRNA ligase(Enzyme) mutant LysRS-deltaN (aa 1-50 deleted)	Km	2500000	Mwedgeoneswedgeone	kcat_Km_tRNALys	Cricetulus griseus		25.0	7.5
REAC_8	6.1.1.6	R03658	lysine---tRNA ligase(Enzyme) mutant LysRS-deltaN (aa 1-50 deleted)	kcat	7.1	swedgeone		Cricetulus griseus		25.0	7.5
REAC_8	6.1.1.6	R03658	lysine---tRNA ligase(Enzyme) mutant LysRS-deltaN (aa 1-50 deleted)	Km	2.8E-6	M	tRNA(Lys)	Cricetulus griseus		25.0	7.5
REAC_9	6.1.1.6	R03658	lysine---tRNA ligase(Enzyme) wildtype multi-synthetase complex	Km	1.8E-6	M	tRNA(Lys)	Cricetulus griseus		25.0	7.5
REAC_9	6.1.1.6	R03658	lysine---tRNA ligase(Enzyme) wildtype multi-synthetase complex	kcat	3.6	swedgeone		Cricetulus griseus		25.0	7.5
REAC_9	6.1.1.6	R03658	lysine---tRNA ligase(Enzyme) wildtype multi-synthetase complex	Km	2000000	Mwedgeoneswedgeone	kcat_Km_tRNALys	Cricetulus griseus		25.0	7.5
REAC_10	6.1.1.6	R03658	lysine---tRNA ligase(Enzyme) wildtype multi-synthetase complex	Km	2.3E-6	M	tRNA(Lys)	Cricetulus griseus		25.0	7.5
REAC_10	6.1.1.6	R03658	lysine---tRNA ligase(Enzyme) wildtype multi-synthetase complex	kcat	5.3	swedgeone		Cricetulus griseus		25.0	7.5
REAC_10	6.1.1.6	R03658	lysine---tRNA ligase(Enzyme) wildtype multi-synthetase complex	Km	2300000	Mwedgeoneswedgeone	kcat_Km_tRNALys	Cricetulus griseus		25.0	7.5
REAC_11	6.1.1.6		lysine---tRNA ligase(Enzyme) wildtype LysRS	Km	0.00012	M	Acc-tRNA(Lys)	Cricetulus griseus		25.0	7.5
REAC_11	6.1.1.6		lysine---tRNA ligase(Enzyme) wildtype LysRS	kcat	9.6E-5	swedgeone		Cricetulus griseus		25.0	7.5
REAC_11	6.1.1.6		lysine---tRNA ligase(Enzyme) wildtype LysRS	Km	0.8	Mwedgeoneswedgeone	kcat_Km_AcctRNALys	Cricetulus griseus		25.0	7.5
REAC_12	6.1.1.6			Kd_tRNALys	3E-8	M		Cricetulus griseus		25.0	7.5
REAC_13	6.1.1.6			Kd_tRNALys	3E-6	M		Cricetulus griseus		25.0	7.5
REAC_14	6.1.1.6			Kd_AcctRNALys	5E-7	M		Cricetulus griseus		25.0	7.5
REAC_15	6.1.1.6			Kd_AnttRNALys	2E-7	M		Cricetulus griseus		25.0	7.5
REAC_16	6.1.1.6			Kd_AcctRNALys	6E-5	M		Cricetulus griseus		25.0	7.5
REAC_17	6.1.1.6	R03658	lysine---tRNA ligase(Enzyme) wildtype LysRS	Ki	1E-5	M	Ant-tRNA(Lys)	Cricetulus griseus		25.0	7.5
REAC_18	6.1.1.6			Kd_tRNALys	2E-5	M		Cricetulus griseus		25.0	7.5
REAC_19	6.1.1.6			Kd_AnttRNALys	6E-5	M		Cricetulus griseus		25.0	7.5
REAC_20	6.1.1.6			Kd_AcctRNALys	5E-5	M		Cricetulus griseus		25.0	7.5
REAC_21	6.1.1.6			Kd_AnttRNALys	1.5E-5	M		Cricetulus griseus		25.0	7.5
REAC_22	6.1.1.19	R03646	arginine---tRNA ligase(Enzyme) wildtype ArgRS	Km	7E-7	M	L-Arginine	Cricetulus griseus		25.0	7.5
REAC_22	6.1.1.19	R03646	arginine---tRNA ligase(Enzyme) wildtype ArgRS	kcat	10.2	swedgeone		Cricetulus griseus		25.0	7.5
REAC_22	6.1.1.19	R03646	arginine---tRNA ligase(Enzyme) wildtype ArgRS	Km	14500000	Mwedgeoneswedgeone	kcat_Km_LArginine	Cricetulus griseus		25.0	7.5
REAC_23	6.1.1.19	R03646	arginine---tRNA ligase(Enzyme) wildtype ArgRSdeltaN	kcat	11.5	swedgeone		Cricetulus griseus		25.0	7.5
REAC_23	6.1.1.19	R03646	arginine---tRNA ligase(Enzyme) wildtype ArgRSdeltaN	Km	10500000	Mwedgeoneswedgeone	kcat_Km_LArginine	Cricetulus griseus		25.0	7.5
REAC_23	6.1.1.19	R03646	arginine---tRNA ligase(Enzyme) wildtype ArgRSdeltaN	Km	1.1E-6	M	L-Arginine	Cricetulus griseus		25.0	7.5
REAC_24	6.1.1.19	R03646	arginine---tRNA ligase(Enzyme) mutant C599Y	Km	1.7E-6	M	L-Arginine	Cricetulus griseus		25.0	7.5
REAC_24	6.1.1.19	R03646	arginine---tRNA ligase(Enzyme) mutant C599Y	kcat	2.6	swedgeone		Cricetulus griseus		25.0	7.5
REAC_24	6.1.1.19	R03646	arginine---tRNA ligase(Enzyme) mutant C599Y	Km	1500000	Mwedgeoneswedgeone	kcat_Km_LArginine	Cricetulus griseus		25.0	7.5
REAC_25	6.1.1.19	R03646	arginine---tRNA ligase(Enzyme) wildtype ArgRS	Km	9600000	Mwedgeoneswedgeone	kcat_Km_LArginine	Cricetulus griseus		37.0	7.5
REAC_25	6.1.1.19	R03646	arginine---tRNA ligase(Enzyme) wildtype ArgRS	Km	2.3E-6	M	L-Arginine	Cricetulus griseus		37.0	7.5
REAC_25	6.1.1.19	R03646	arginine---tRNA ligase(Enzyme) wildtype ArgRS	kcat	22	swedgeone		Cricetulus griseus		37.0	7.5
REAC_26	6.1.1.19	R03646	arginine---tRNA ligase(Enzyme) wildtype ArgRSdeltaN	kcat	28	swedgeone		Cricetulus griseus		37.0	7.5
REAC_26	6.1.1.19	R03646	arginine---tRNA ligase(Enzyme) wildtype ArgRSdeltaN	Km	2.8E-6	M	L-Arginine	Cricetulus griseus		37.0	7.5
REAC_26	6.1.1.19	R03646	arginine---tRNA ligase(Enzyme) wildtype ArgRSdeltaN	Km	10000000	Mwedgeoneswedgeone	kcat_Km_LArginine	Cricetulus griseus		37.0	7.5
REAC_27	6.1.1.19	R03646	arginine---tRNA ligase(Enzyme) mutant C599Y	Km	2.4E-6	M	L-Arginine	Cricetulus griseus		37.0	7.5
REAC_27	6.1.1.19	R03646	arginine---tRNA ligase(Enzyme) mutant C599Y	kcat	3.8	swedgeone		Cricetulus griseus		37.0	7.5
REAC_27	6.1.1.19	R03646	arginine---tRNA ligase(Enzyme) mutant C599Y	Km	1600000	Mwedgeoneswedgeone	kcat_Km_LArginine	Cricetulus griseus		37.0	7.5
REAC_28	6.1.1.19	R03646	arginine---tRNA ligase(Enzyme) mutant C599Y/M222I	kcat	2.9	swedgeone		Cricetulus griseus		25.0	7.5
REAC_28	6.1.1.19	R03646	arginine---tRNA ligase(Enzyme) mutant C599Y/M222I	Km	1.5E-6	M	L-Arginine	Cricetulus griseus		25.0	7.5
REAC_28	6.1.1.19	R03646	arginine---tRNA ligase(Enzyme) mutant C599Y/M222I	Km	1900000	Mwedgeoneswedgeone	kcat_Km_LArginine	Cricetulus griseus		25.0	7.5
REAC_29	6.1.1.19	R03646	arginine---tRNA ligase(Enzyme) mutant Y506S	kcat	14.3	swedgeone		Cricetulus griseus		37.0	7.5
REAC_29	6.1.1.19	R03646	arginine---tRNA ligase(Enzyme) mutant Y506S	Km	10200000	Mwedgeoneswedgeone	kcat_Km_LArginine	Cricetulus griseus		37.0	7.5
REAC_29	6.1.1.19	R03646	arginine---tRNA ligase(Enzyme) mutant Y506S	Km	1.4E-6	M	L-Arginine	Cricetulus griseus		37.0	7.5
REAC_30	6.1.1.19	R03646	arginine---tRNA ligase(Enzyme) mutant Y506S	Km	13900000	Mwedgeoneswedgeone	kcat_Km_LArginine	Cricetulus griseus		25.0	7.5
REAC_30	6.1.1.19	R03646	arginine---tRNA ligase(Enzyme) mutant Y506S	kcat	9.7	swedgeone		Cricetulus griseus		25.0	7.5
REAC_30	6.1.1.19	R03646	arginine---tRNA ligase(Enzyme) mutant Y506S	Km	7E-7	M	L-Arginine	Cricetulus griseus		25.0	7.5
REAC_31	6.1.1.19	R03646	arginine---tRNA ligase(Enzyme) mutant C599Y/Y506S	Km	21500000	Mwedgeoneswedgeone	kcat_Km_LArginine	Cricetulus griseus		25.0	7.5
REAC_31	6.1.1.19	R03646	arginine---tRNA ligase(Enzyme) mutant C599Y/Y506S	Km	4E-7	M	L-Arginine	Cricetulus griseus		25.0	7.5
REAC_31	6.1.1.19	R03646	arginine---tRNA ligase(Enzyme) mutant C599Y/Y506S	kcat	8.6	swedgeone		Cricetulus griseus		25.0	7.5
REAC_32	6.1.1.19	R03646	arginine---tRNA ligase(Enzyme) mutant C599Y/M222I	Km	2.8E-6	M	L-Arginine	Cricetulus griseus		37.0	7.5
REAC_32	6.1.1.19	R03646	arginine---tRNA ligase(Enzyme) mutant C599Y/M222I	kcat	5.6	swedgeone		Cricetulus griseus		37.0	7.5
REAC_32	6.1.1.19	R03646	arginine---tRNA ligase(Enzyme) mutant C599Y/M222I	Km	2000000	Mwedgeoneswedgeone	kcat_Km_LArginine	Cricetulus griseus		37.0	7.5
REAC_33	6.1.1.19	R03646	arginine---tRNA ligase(Enzyme) mutant C599Y/Y506S	Km	6E-7	M	L-Arginine	Cricetulus griseus		37.0	7.5
REAC_33	6.1.1.19	R03646	arginine---tRNA ligase(Enzyme) mutant C599Y/Y506S	kcat	12.4	swedgeone		Cricetulus griseus		37.0	7.5
REAC_33	6.1.1.19	R03646	arginine---tRNA ligase(Enzyme) mutant C599Y/Y506S	Km	20700000	Mwedgeoneswedgeone	kcat_Km_LArginine	Cricetulus griseus		37.0	7.5
REAC_34	6.1.1.19	R03646	arginine---tRNA ligase(Enzyme) mutant M222I	kcat	6	swedgeone		Cricetulus griseus		37.0	7.5
REAC_34	6.1.1.19	R03646	arginine---tRNA ligase(Enzyme) mutant M222I	Km	2.8E-6	M	L-Arginine	Cricetulus griseus		37.0	7.5
REAC_34	6.1.1.19	R03646	arginine---tRNA ligase(Enzyme) mutant M222I	Km	2100000	Mwedgeoneswedgeone	kcat_Km_LArginine	Cricetulus griseus		37.0	7.5
REAC_35	6.1.1.19	R03646	arginine---tRNA ligase(Enzyme) mutant M222I	Km	1E-6	M	L-Arginine	Cricetulus griseus		25.0	7.5
REAC_35	6.1.1.19	R03646	arginine---tRNA ligase(Enzyme) mutant M222I	Km	2400000	Mwedgeoneswedgeone	kcat_Km_LArginine	Cricetulus griseus		25.0	7.5
REAC_35	6.1.1.19	R03646	arginine---tRNA ligase(Enzyme) mutant M222I	kcat	2.4	swedgeone		Cricetulus griseus		25.0	7.5
REAC_36	6.1.1.19	R03646	arginine---tRNA ligase(Enzyme) wildtype ArgRS	kcat	1.4	swedgeone		Cricetulus griseus		25.0	7.5
REAC_36	6.1.1.19	R03646	arginine---tRNA ligase(Enzyme) wildtype ArgRS	Km	1.3E-6	M	L-Arginine	Cricetulus griseus		25.0	7.5
REAC_36	6.1.1.19	R03646	arginine---tRNA ligase(Enzyme) wildtype ArgRS	Km	1100000	Mwedgeoneswedgeone	kcat_Km_LArginine	Cricetulus griseus		25.0	7.5
REAC_37	6.1.1.19	R03646	arginine---tRNA ligase(Enzyme) wildtype ArgRS	Km	1000000	Mwedgeoneswedgeone	kcat_Km_LArginine	Cricetulus griseus		37.0	7.5
REAC_37	6.1.1.19	R03646	arginine---tRNA ligase(Enzyme) wildtype ArgRS	Km	2.4E-6	M	L-Arginine	Cricetulus griseus		37.0	7.5
REAC_37	6.1.1.19	R03646	arginine---tRNA ligase(Enzyme) wildtype ArgRS	kcat	2.5	swedgeone		Cricetulus griseus		37.0	7.5
REAC_38	6.1.1.19	R03646	arginine---tRNA ligase(Enzyme) wildtype ArgRS	Km	7200	Mwedgeoneswedgeone	kcat_Km_ATP	Cricetulus griseus		25.0	7.5
REAC_38	6.1.1.19	R03646	arginine---tRNA ligase(Enzyme) wildtype ArgRS	Km	0.000194	M	ATP	Cricetulus griseus		25.0	7.5
REAC_38	6.1.1.19	R03646	arginine---tRNA ligase(Enzyme) wildtype ArgRS	kcat	1.4	swedgeone		Cricetulus griseus		25.0	7.5
REAC_39	6.1.1.19	R03646	arginine---tRNA ligase(Enzyme) mutant C599Y	Km	0.000102	M	ATP	Cricetulus griseus		25.0	7.5
REAC_39	6.1.1.19	R03646	arginine---tRNA ligase(Enzyme) mutant C599Y	Km	1500	Mwedgeoneswedgeone	kcat_Km_ATP	Cricetulus griseus		25.0	7.5
REAC_39	6.1.1.19	R03646	arginine---tRNA ligase(Enzyme) mutant C599Y	kcat	0.15	swedgeone		Cricetulus griseus		25.0	7.5
REAC_40	6.1.1.19	R03646	arginine---tRNA ligase(Enzyme) wildtype ArgRSdeltaN	Km	14000	Mwedgeoneswedgeone	kcat_Km_ATP	Cricetulus griseus		25.0	7.5
REAC_40	6.1.1.19	R03646	arginine---tRNA ligase(Enzyme) wildtype ArgRSdeltaN	Km	0.000152	M	ATP	Cricetulus griseus		25.0	7.5
REAC_40	6.1.1.19	R03646	arginine---tRNA ligase(Enzyme) wildtype ArgRSdeltaN	kcat	2.1	swedgeone		Cricetulus griseus		25.0	7.5
REAC_41	6.1.1.19	R03646	arginine---tRNA ligase(Enzyme) wildtype ArgRS	Km	10000	Mwedgeoneswedgeone	kcat_Km_ATP	Cricetulus griseus		37.0	7.5
REAC_41	6.1.1.19	R03646	arginine---tRNA ligase(Enzyme) wildtype ArgRS	kcat	2.5	swedgeone		Cricetulus griseus		37.0	7.5
REAC_41	6.1.1.19	R03646	arginine---tRNA ligase(Enzyme) wildtype ArgRS	Km	0.00024	M	ATP	Cricetulus griseus		37.0	7.5
REAC_42	6.1.1.19	R03646	arginine---tRNA ligase(Enzyme) wildtype ArgRSdeltaN	Km	0.000161	M	ATP	Cricetulus griseus		37.0	7.5
REAC_42	6.1.1.19	R03646	arginine---tRNA ligase(Enzyme) wildtype ArgRSdeltaN	Km	24000	Mwedgeoneswedgeone	kcat_Km_ATP	Cricetulus griseus		37.0	7.5
REAC_42	6.1.1.19	R03646	arginine---tRNA ligase(Enzyme) wildtype ArgRSdeltaN	kcat	3.8	swedgeone		Cricetulus griseus		37.0	7.5
REAC_43	6.1.1.19	R03646	arginine---tRNA ligase(Enzyme) wildtype ArgRSdeltaN	Km	2.5E-6	M	L-Arginine	Cricetulus griseus		37.0	7.5
REAC_43	6.1.1.19	R03646	arginine---tRNA ligase(Enzyme) wildtype ArgRSdeltaN	Km	900000	Mwedgeoneswedgeone	kcat_Km_LArginine	Cricetulus griseus		37.0	7.5
REAC_43	6.1.1.19	R03646	arginine---tRNA ligase(Enzyme) wildtype ArgRSdeltaN	kcat	2.3	swedgeone		Cricetulus griseus		37.0	7.5
REAC_44	6.1.1.19	R03646	arginine---tRNA ligase(Enzyme) mutant M222I	kcat	1.9	swedgeone		Cricetulus griseus		25.0	7.5
REAC_44	6.1.1.19	R03646	arginine---tRNA ligase(Enzyme) mutant M222I	Km	1360000	Mwedgeoneswedgeone	kcat_Km_LArginine	Cricetulus griseus		25.0	7.5
REAC_44	6.1.1.19	R03646	arginine---tRNA ligase(Enzyme) mutant M222I	Km	1.4E-6	M	L-Arginine	Cricetulus griseus		25.0	7.5
REAC_45	6.1.1.19	R03646	arginine---tRNA ligase(Enzyme) wildtype ArgRSdeltaN	Km	1300000	Mwedgeoneswedgeone	kcat_Km_LArginine	Cricetulus griseus		25.0	7.5
REAC_45	6.1.1.19	R03646	arginine---tRNA ligase(Enzyme) wildtype ArgRSdeltaN	Km	1.5E-6	M	L-Arginine	Cricetulus griseus		25.0	7.5
REAC_45	6.1.1.19	R03646	arginine---tRNA ligase(Enzyme) wildtype ArgRSdeltaN	kcat	1.9	swedgeone		Cricetulus griseus		25.0	7.5
REAC_46	6.1.1.19	R03646	arginine---tRNA ligase(Enzyme) mutant M222I	Km	1500000	Mwedgeoneswedgeone	kcat_Km_LArginine	Cricetulus griseus		37.0	7.5
REAC_46	6.1.1.19	R03646	arginine---tRNA ligase(Enzyme) mutant M222I	kcat	2.7	swedgeone		Cricetulus griseus		37.0	7.5
REAC_46	6.1.1.19	R03646	arginine---tRNA ligase(Enzyme) mutant M222I	Km	1.8E-6	M	L-Arginine	Cricetulus griseus		37.0	7.5
REAC_47	6.1.1.19	R03646	arginine---tRNA ligase(Enzyme) mutant C599Y/Y506S	kcat	0.08	swedgeone		Cricetulus griseus		25.0	7.5
REAC_47	6.1.1.19	R03646	arginine---tRNA ligase(Enzyme) mutant C599Y/Y506S	Km	11000	Mwedgeoneswedgeone	kcat_Km_ATP	Cricetulus griseus		25.0	7.5
REAC_47	6.1.1.19	R03646	arginine---tRNA ligase(Enzyme) mutant C599Y/Y506S	Km	7.2E-6	M	ATP	Cricetulus griseus		25.0	7.5
REAC_48	6.1.1.19	R03646	arginine---tRNA ligase(Enzyme) mutant C599Y	kcat	0.07	swedgeone		Cricetulus griseus		37.0	7.5
REAC_48	6.1.1.19	R03646	arginine---tRNA ligase(Enzyme) mutant C599Y	Km	0.000143	M	ATP	Cricetulus griseus		37.0	7.5
REAC_48	6.1.1.19	R03646	arginine---tRNA ligase(Enzyme) mutant C599Y	Km	500	Mwedgeoneswedgeone	kcat_Km_ATP	Cricetulus griseus		37.0	7.5
REAC_49	6.1.1.19	R03646	arginine---tRNA ligase(Enzyme) mutant C599Y/Y506S	Km	9E-6	M	ATP	Cricetulus griseus		37.0	7.5
REAC_49	6.1.1.19	R03646	arginine---tRNA ligase(Enzyme) mutant C599Y/Y506S	Km	12000	Mwedgeoneswedgeone	kcat_Km_ATP	Cricetulus griseus		37.0	7.5
REAC_49	6.1.1.19	R03646	arginine---tRNA ligase(Enzyme) mutant C599Y/Y506S	kcat	0.11	swedgeone		Cricetulus griseus		37.0	7.5
REAC_50	6.1.1.19	R03646	arginine---tRNA ligase(Enzyme) mutant Y506S	kcat	0.51	swedgeone		Cricetulus griseus		25.0	7.5
REAC_50	6.1.1.19	R03646	arginine---tRNA ligase(Enzyme) mutant Y506S	Km	4.6E-5	M	ATP	Cricetulus griseus		25.0	7.5
REAC_50	6.1.1.19	R03646	arginine---tRNA ligase(Enzyme) mutant Y506S	Km	11100	Mwedgeoneswedgeone	kcat_Km_ATP	Cricetulus griseus		25.0	7.5
REAC_51	6.1.1.19	R03646	arginine---tRNA ligase(Enzyme) mutant C599Y/M222I	kcat	0.1	swedgeone		Cricetulus griseus		37.0	7.5
REAC_51	6.1.1.19	R03646	arginine---tRNA ligase(Enzyme) mutant C599Y/M222I	Km	1300	Mwedgeoneswedgeone	kcat_Km_ATP	Cricetulus griseus		37.0	7.5
REAC_51	6.1.1.19	R03646	arginine---tRNA ligase(Enzyme) mutant C599Y/M222I	Km	7.9E-5	M	ATP	Cricetulus griseus		37.0	7.5
REAC_52	6.1.1.19	R03646	arginine---tRNA ligase(Enzyme) mutant Y506S	Km	5.4E-5	M	ATP	Cricetulus griseus		37.0	7.5
REAC_52	6.1.1.19	R03646	arginine---tRNA ligase(Enzyme) mutant Y506S	Km	6900	Mwedgeoneswedgeone	kcat_Km_ATP	Cricetulus griseus		37.0	7.5
REAC_52	6.1.1.19	R03646	arginine---tRNA ligase(Enzyme) mutant Y506S	kcat	0.37	swedgeone		Cricetulus griseus		37.0	7.5
REAC_53	6.1.1.19	R03646	arginine---tRNA ligase(Enzyme) mutant C599Y/M222I	Km	5.3E-5	M	ATP	Cricetulus griseus		25.0	7.5
REAC_53	6.1.1.19	R03646	arginine---tRNA ligase(Enzyme) mutant C599Y/M222I	kcat	0.11	swedgeone		Cricetulus griseus		25.0	7.5
REAC_53	6.1.1.19	R03646	arginine---tRNA ligase(Enzyme) mutant C599Y/M222I	Km	2100	Mwedgeoneswedgeone	kcat_Km_ATP	Cricetulus griseus		25.0	7.5
REAC_54	6.1.1.19	R03646	arginine---tRNA ligase(Enzyme) mutant M222I	Km	46000	Mwedgeoneswedgeone	kcat_Km_ATP	Cricetulus griseus		25.0	7.5
REAC_54	6.1.1.19	R03646	arginine---tRNA ligase(Enzyme) mutant M222I	kcat	2.2	swedgeone		Cricetulus griseus		25.0	7.5
REAC_54	6.1.1.19	R03646	arginine---tRNA ligase(Enzyme) mutant M222I	Km	4.8E-5	M	ATP	Cricetulus griseus		25.0	7.5
REAC_55	6.1.1.19	R03646	arginine---tRNA ligase(Enzyme) mutant M222I	kcat	2.9	swedgeone		Cricetulus griseus		37.0	7.5
REAC_55	6.1.1.19	R03646	arginine---tRNA ligase(Enzyme) mutant M222I	Km	5.4E-5	M	ATP	Cricetulus griseus		37.0	7.5
REAC_55	6.1.1.19	R03646	arginine---tRNA ligase(Enzyme) mutant M222I	Km	54000	Mwedgeoneswedgeone	kcat_Km_ATP	Cricetulus griseus		37.0	7.5
REAC_56	6.1.1.19	R03646	arginine---tRNA ligase(Enzyme) mutant C599Y/Y506S	Km	2.6E-7	M	tRNA(Arg)	Cricetulus griseus		25.0	7.5
REAC_56	6.1.1.19	R03646	arginine---tRNA ligase(Enzyme) mutant C599Y/Y506S	kcat	0.29	swedgeone		Cricetulus griseus		25.0	7.5
REAC_56	6.1.1.19	R03646	arginine---tRNA ligase(Enzyme) mutant C599Y/Y506S	Km	1.2	Mwedgeoneswedgeone	kcat_Km_tRNAArg	Cricetulus griseus		25.0	7.5
REAC_57	6.1.1.19	R03646	arginine---tRNA ligase(Enzyme) mutant C599Y/M222I	kcat	0.14	swedgeone		Cricetulus griseus		25.0	7.5
REAC_57	6.1.1.19	R03646	arginine---tRNA ligase(Enzyme) mutant C599Y/M222I	Km	0.48	Mwedgeoneswedgeone	kcat_Km_tRNAArg	Cricetulus griseus		25.0	7.5
REAC_57	6.1.1.19	R03646	arginine---tRNA ligase(Enzyme) mutant C599Y/M222I	Km	2.9E-7	M	tRNA(Arg)	Cricetulus griseus		25.0	7.5
REAC_58	6.1.1.19	R03646	arginine---tRNA ligase(Enzyme) mutant C599Y/M222I	Km	0.12	Mwedgeoneswedgeone	kcat_Km_tRNAArg	Cricetulus griseus		37.0	7.5
REAC_58	6.1.1.19	R03646	arginine---tRNA ligase(Enzyme) mutant C599Y/M222I	Km	1.32E-6	M	tRNA(Arg)	Cricetulus griseus		37.0	7.5
REAC_58	6.1.1.19	R03646	arginine---tRNA ligase(Enzyme) mutant C599Y/M222I	kcat	0.16	swedgeone		Cricetulus griseus		37.0	7.5
REAC_59	6.1.1.19	R03646	arginine---tRNA ligase(Enzyme) wildtype ArgRSdeltaN	Km	6.6	Mwedgeoneswedgeone	kcat_Km_tRNAArg	Cricetulus griseus		25.0	7.5
REAC_59	6.1.1.19	R03646	arginine---tRNA ligase(Enzyme) wildtype ArgRSdeltaN	Km	3.9E-7	M	tRNA(Arg)	Cricetulus griseus		25.0	7.5
REAC_59	6.1.1.19	R03646	arginine---tRNA ligase(Enzyme) wildtype ArgRSdeltaN	kcat	2.6	swedgeone		Cricetulus griseus		25.0	7.5
REAC_60	6.1.1.19	R03646	arginine---tRNA ligase(Enzyme) mutant C599Y	Km	0.57	Mwedgeoneswedgeone	kcat_Km_tRNAArg	Cricetulus griseus		25.0	7.5
REAC_60	6.1.1.19	R03646	arginine---tRNA ligase(Enzyme) mutant C599Y	kcat	0.21	swedgeone		Cricetulus griseus		25.0	7.5
REAC_60	6.1.1.19	R03646	arginine---tRNA ligase(Enzyme) mutant C599Y	Km	3.7E-7	M	tRNA(Arg)	Cricetulus griseus		25.0	7.5
REAC_61	6.1.1.19	R03646	arginine---tRNA ligase(Enzyme) wildtype ArgRS	kcat	3	swedgeone		Cricetulus griseus		37.0	7.5
REAC_61	6.1.1.19	R03646	arginine---tRNA ligase(Enzyme) wildtype ArgRS	Km	4.4E-7	M	tRNA(Arg)	Cricetulus griseus		37.0	7.5
REAC_61	6.1.1.19	R03646	arginine---tRNA ligase(Enzyme) wildtype ArgRS	Km	6.8	Mwedgeoneswedgeone	kcat_Km_tRNAArg	Cricetulus griseus		37.0	7.5
REAC_62	6.1.1.19	R03646	arginine---tRNA ligase(Enzyme) mutant C599Y	Km	0.19	Mwedgeoneswedgeone	kcat_Km_tRNAArg	Cricetulus griseus		37.0	7.5
REAC_62	6.1.1.19	R03646	arginine---tRNA ligase(Enzyme) mutant C599Y	kcat	0.24	swedgeone		Cricetulus griseus		37.0	7.5
REAC_62	6.1.1.19	R03646	arginine---tRNA ligase(Enzyme) mutant C599Y	Km	1.25E-6	M	tRNA(Arg)	Cricetulus griseus		37.0	7.5
REAC_63	6.1.1.19	R03646	arginine---tRNA ligase(Enzyme) wildtype ArgRSdeltaN	Km	4.1E-7	M	tRNA(Arg)	Cricetulus griseus		37.0	7.5
REAC_63	6.1.1.19	R03646	arginine---tRNA ligase(Enzyme) wildtype ArgRSdeltaN	Km	10	Mwedgeoneswedgeone	kcat_Km_tRNAArg	Cricetulus griseus		37.0	7.5
REAC_63	6.1.1.19	R03646	arginine---tRNA ligase(Enzyme) wildtype ArgRSdeltaN	kcat	4.1	swedgeone		Cricetulus griseus		37.0	7.5
REAC_64	6.1.1.19	R03646	arginine---tRNA ligase(Enzyme) wildtype ArgRS	Km	5.6	Mwedgeoneswedgeone	kcat_Km_tRNAArg	Cricetulus griseus		25.0	7.5
REAC_64	6.1.1.19	R03646	arginine---tRNA ligase(Enzyme) wildtype ArgRS	kcat	1.8	swedgeone		Cricetulus griseus		25.0	7.5
REAC_64	6.1.1.19	R03646	arginine---tRNA ligase(Enzyme) wildtype ArgRS	Km	3.2E-7	M	tRNA(Arg)	Cricetulus griseus		25.0	7.5
REAC_65	6.1.1.19	R03646	arginine---tRNA ligase(Enzyme) mutant C599Y	Km	1.8E-6	M	Km_1_LArginine	Cricetulus griseus		37.0	7.5
REAC_65	6.1.1.19	R03646	arginine---tRNA ligase(Enzyme) mutant C599Y	kcat	0.23	swedgeone	kcat_2	Cricetulus griseus		37.0	7.5
REAC_65	6.1.1.19	R03646	arginine---tRNA ligase(Enzyme) mutant C599Y	kcat	0.04	swedgeone	kcat_1	Cricetulus griseus		37.0	7.5
REAC_65	6.1.1.19	R03646	arginine---tRNA ligase(Enzyme) mutant C599Y	Km	0.000141	M	Km_2_LArginine	Cricetulus griseus		37.0	7.5
REAC_65	6.1.1.19	R03646	arginine---tRNA ligase(Enzyme) mutant C599Y	Km	1600	Mwedgeoneswedgeone	kcat_2_Km_2_LArginine	Cricetulus griseus		37.0	7.5
REAC_65	6.1.1.19	R03646	arginine---tRNA ligase(Enzyme) mutant C599Y	Km	22000	Mwedgeoneswedgeone	kcat_1_Km_1_LArginine	Cricetulus griseus		37.0	7.5
REAC_66	6.1.1.19	R03646	arginine---tRNA ligase(Enzyme) mutant C599Y	Km	18000	Mwedgeoneswedgeone	kcat_2_Km_2_LArginine	Cricetulus griseus		25.0	7.5
REAC_66	6.1.1.19	R03646	arginine---tRNA ligase(Enzyme) mutant C599Y	kcat	0.25	swedgeone	kcat_2	Cricetulus griseus		25.0	7.5
REAC_66	6.1.1.19	R03646	arginine---tRNA ligase(Enzyme) mutant C599Y	Km	3E-7	M	Km_1_LArginine	Cricetulus griseus		25.0	7.5
REAC_66	6.1.1.19	R03646	arginine---tRNA ligase(Enzyme) mutant C599Y	Km	1.4E-5	M	Km_2_LArginine	Cricetulus griseus		25.0	7.5
REAC_66	6.1.1.19	R03646	arginine---tRNA ligase(Enzyme) mutant C599Y	Km	200000	Mwedgeoneswedgeone	kcat_1_Km_1_LArginine	Cricetulus griseus		25.0	7.5
REAC_66	6.1.1.19	R03646	arginine---tRNA ligase(Enzyme) mutant C599Y	kcat	0.06	swedgeone	kcat_1	Cricetulus griseus		25.0	7.5
REAC_67	6.1.1.19	R03646	arginine---tRNA ligase(Enzyme) mutant C599Y/M222I	Km	9000	Mwedgeoneswedgeone	kcat_2_Km_2_LArginine	Cricetulus griseus		25.0	7.5
REAC_67	6.1.1.19	R03646	arginine---tRNA ligase(Enzyme) mutant C599Y/M222I	Km	2.9E-5	M	Km_2_LArginine	Cricetulus griseus		25.0	7.5
REAC_67	6.1.1.19	R03646	arginine---tRNA ligase(Enzyme) mutant C599Y/M222I	Km	170000	Mwedgeoneswedgeone	kcat_1_Km_1_LArginine	Cricetulus griseus		25.0	7.5
REAC_67	6.1.1.19	R03646	arginine---tRNA ligase(Enzyme) mutant C599Y/M222I	kcat	0.05	swedgeone	kcat_1	Cricetulus griseus		25.0	7.5
REAC_67	6.1.1.19	R03646	arginine---tRNA ligase(Enzyme) mutant C599Y/M222I	Km	3E-7	M	Km_1_LArginine	Cricetulus griseus		25.0	7.5
REAC_67	6.1.1.19	R03646	arginine---tRNA ligase(Enzyme) mutant C599Y/M222I	kcat	0.25	swedgeone	kcat_2	Cricetulus griseus		25.0	7.5
REAC_68	6.1.1.19	R03646	arginine---tRNA ligase(Enzyme) mutant C599Y/M222I	Km	6E-7	M	Km_1_LArginine	Cricetulus griseus		37.0	7.5
REAC_68	6.1.1.19	R03646	arginine---tRNA ligase(Enzyme) mutant C599Y/M222I	Km	6000	Mwedgeoneswedgeone	kcat_2_Km_2_LArginine	Cricetulus griseus		37.0	7.5
REAC_68	6.1.1.19	R03646	arginine---tRNA ligase(Enzyme) mutant C599Y/M222I	kcat	0.14	swedgeone	kcat_2	Cricetulus griseus		37.0	7.5
REAC_68	6.1.1.19	R03646	arginine---tRNA ligase(Enzyme) mutant C599Y/M222I	kcat	0.04	swedgeone	kcat_1	Cricetulus griseus		37.0	7.5
REAC_68	6.1.1.19	R03646	arginine---tRNA ligase(Enzyme) mutant C599Y/M222I	Km	2.3E-5	M	Km_2_LArginine	Cricetulus griseus		37.0	7.5
REAC_68	6.1.1.19	R03646	arginine---tRNA ligase(Enzyme) mutant C599Y/M222I	Km	70000	Mwedgeoneswedgeone	kcat_1_Km_1_LArginine	Cricetulus griseus		37.0	7.5
REAC_69	6.1.1.19	R03646	arginine---tRNA ligase(Enzyme) mutant C599Y/Y506S	Km	1.4	Mwedgeoneswedgeone	kcat_Km_tRNAArg	Cricetulus griseus		37.0	7.5
REAC_69	6.1.1.19	R03646	arginine---tRNA ligase(Enzyme) mutant C599Y/Y506S	kcat	0.5	swedgeone		Cricetulus griseus		37.0	7.5
REAC_69	6.1.1.19	R03646	arginine---tRNA ligase(Enzyme) mutant C599Y/Y506S	Km	3.5E-7	M	tRNA(Arg)	Cricetulus griseus		37.0	7.5
REAC_70	6.1.1.19	R03646	arginine---tRNA ligase(Enzyme) mutant Y506S	Km	0.78	Mwedgeoneswedgeone	kcat_Km_tRNAArg	Cricetulus griseus		37.0	7.5
REAC_70	6.1.1.19	R03646	arginine---tRNA ligase(Enzyme) mutant Y506S	Km	9.5E-7	M	tRNA(Arg)	Cricetulus griseus		37.0	7.5
REAC_70	6.1.1.19	R03646	arginine---tRNA ligase(Enzyme) mutant Y506S	kcat	0.74	swedgeone		Cricetulus griseus		37.0	7.5
REAC_71	6.1.1.19	R03646	arginine---tRNA ligase(Enzyme) mutant Y506S	Km	3.3E-7	M	tRNA(Arg)	Cricetulus griseus		25.0	7.5
REAC_71	6.1.1.19	R03646	arginine---tRNA ligase(Enzyme) mutant Y506S	kcat	0.71	swedgeone		Cricetulus griseus		25.0	7.5
REAC_71	6.1.1.19	R03646	arginine---tRNA ligase(Enzyme) mutant Y506S	Km	2.15	Mwedgeoneswedgeone	kcat_Km_tRNAArg	Cricetulus griseus		25.0	7.5
REAC_72	6.1.1.19	R03646	arginine---tRNA ligase(Enzyme) mutant M222I	Km	2.8E-7	M	tRNA(Arg)	Cricetulus griseus		37.0	7.5
REAC_72	6.1.1.19	R03646	arginine---tRNA ligase(Enzyme) mutant M222I	Km	11.4	Mwedgeoneswedgeone	kcat_Km_tRNAArg	Cricetulus griseus		37.0	7.5
REAC_72	6.1.1.19	R03646	arginine---tRNA ligase(Enzyme) mutant M222I	kcat	3.2	swedgeone		Cricetulus griseus		37.0	7.5
REAC_73	6.1.1.19	R03646	arginine---tRNA ligase(Enzyme) mutant M222I	kcat	1.9	swedgeone		Cricetulus griseus		25.0	7.5
REAC_73	6.1.1.19	R03646	arginine---tRNA ligase(Enzyme) mutant M222I	Km	7.9	Mwedgeoneswedgeone	kcat_Km_tRNAArg	Cricetulus griseus		25.0	7.5
REAC_73	6.1.1.19	R03646	arginine---tRNA ligase(Enzyme) mutant M222I	Km	2.4E-7	M	tRNA(Arg)	Cricetulus griseus		25.0	7.5
REAC_74	6.1.1.19	R03646	arginine---tRNA ligase(Enzyme) mutant Y506S	Km	160000	Mwedgeoneswedgeone	kcat_1_Km_1_LArginine	Cricetulus griseus		37.0	7.5
REAC_74	6.1.1.19	R03646	arginine---tRNA ligase(Enzyme) mutant Y506S	Km	11000	Mwedgeoneswedgeone	kcat_2_Km_2_LArginine	Cricetulus griseus		37.0	7.5
REAC_74	6.1.1.19	R03646	arginine---tRNA ligase(Enzyme) mutant Y506S	Km	7.1E-5	M	Km_2_LArginine	Cricetulus griseus		37.0	7.5
REAC_74	6.1.1.19	R03646	arginine---tRNA ligase(Enzyme) mutant Y506S	kcat	0.19	swedgeone	kcat_1	Cricetulus griseus		37.0	7.5
REAC_74	6.1.1.19	R03646	arginine---tRNA ligase(Enzyme) mutant Y506S	kcat	0.77	swedgeone	kcat_2	Cricetulus griseus		37.0	7.5
REAC_74	6.1.1.19	R03646	arginine---tRNA ligase(Enzyme) mutant Y506S	Km	1.2E-6	M	Km_1_LArginine	Cricetulus griseus		37.0	7.5
REAC_75	6.1.1.19	R03646	arginine---tRNA ligase(Enzyme) mutant C599Y/Y506S	kcat	0.08	swedgeone	kcat_1	Cricetulus griseus		25.0	7.5
REAC_75	6.1.1.19	R03646	arginine---tRNA ligase(Enzyme) mutant C599Y/Y506S	Km	2.2E-5	M	Km_2_LArginine	Cricetulus griseus		25.0	7.5
REAC_75	6.1.1.19	R03646	arginine---tRNA ligase(Enzyme) mutant C599Y/Y506S	kcat	0.37	swedgeone	kcat_2	Cricetulus griseus		25.0	7.5
REAC_75	6.1.1.19	R03646	arginine---tRNA ligase(Enzyme) mutant C599Y/Y506S	Km	1000000	Mwedgeoneswedgeone	kcat_1_Km_1_LArginine	Cricetulus griseus		25.0	7.5
REAC_75	6.1.1.19	R03646	arginine---tRNA ligase(Enzyme) mutant C599Y/Y506S	Km	8E-8	M	Km_1_LArginine	Cricetulus griseus		25.0	7.5
REAC_75	6.1.1.19	R03646	arginine---tRNA ligase(Enzyme) mutant C599Y/Y506S	Km	17000	Mwedgeoneswedgeone	kcat_2_Km_2_LArginine	Cricetulus griseus		25.0	7.5
REAC_76	6.1.1.19	R03646	arginine---tRNA ligase(Enzyme) mutant Y506S	Km	500000	Mwedgeoneswedgeone	kcat_1_Km_1_LArginine	Cricetulus griseus		25.0	7.5
REAC_76	6.1.1.19	R03646	arginine---tRNA ligase(Enzyme) mutant Y506S	kcat	0.2	swedgeone	kcat_1	Cricetulus griseus		25.0	7.5
REAC_76	6.1.1.19	R03646	arginine---tRNA ligase(Enzyme) mutant Y506S	kcat	0.75	swedgeone	kcat_2	Cricetulus griseus		25.0	7.5
REAC_76	6.1.1.19	R03646	arginine---tRNA ligase(Enzyme) mutant Y506S	Km	1E-5	M	Km_2_LArginine	Cricetulus griseus		25.0	7.5
REAC_76	6.1.1.19	R03646	arginine---tRNA ligase(Enzyme) mutant Y506S	Km	4E-7	M	Km_1_LArginine	Cricetulus griseus		25.0	7.5
REAC_76	6.1.1.19	R03646	arginine---tRNA ligase(Enzyme) mutant Y506S	Km	75000	Mwedgeoneswedgeone	kcat_2_Km_2_LArginine	Cricetulus griseus		25.0	7.5
REAC_77	6.1.1.19	R03646	arginine---tRNA ligase(Enzyme) mutant C599Y/Y506S	kcat	0.54	swedgeone	kcat_2	Cricetulus griseus		37.0	7.5
REAC_77	6.1.1.19	R03646	arginine---tRNA ligase(Enzyme) mutant C599Y/Y506S	Km	3E-7	M	Km_1_LArginine	Cricetulus griseus		37.0	7.5
REAC_77	6.1.1.19	R03646	arginine---tRNA ligase(Enzyme) mutant C599Y/Y506S	Km	7.8E-5	M	Km_2_LArginine	Cricetulus griseus		37.0	7.5
REAC_77	6.1.1.19	R03646	arginine---tRNA ligase(Enzyme) mutant C599Y/Y506S	Km	7000	Mwedgeoneswedgeone	kcat_2_Km_2_LArginine	Cricetulus griseus		37.0	7.5
REAC_77	6.1.1.19	R03646	arginine---tRNA ligase(Enzyme) mutant C599Y/Y506S	Km	430000	Mwedgeoneswedgeone	kcat_1_Km_1_LArginine	Cricetulus griseus		37.0	7.5
REAC_77	6.1.1.19	R03646	arginine---tRNA ligase(Enzyme) mutant C599Y/Y506S	kcat	0.13	swedgeone	kcat_1	Cricetulus griseus		37.0	7.5
REAC_78	3.1.2.2	R01274	palmitoyl-CoA hydrolase(Enzyme) wildtype	Km	2E-6	M	Palmitoyl-CoA	Cricetulus griseus		25.0	7.4
REAC_78	3.1.2.2	R01274	palmitoyl-CoA hydrolase(Enzyme) wildtype	Vmax	2E-6	molswedgeonegwedgeone		Cricetulus griseus		25.0	7.4
REAC_79			Enzyme wildtype GAT1/GFP	Km	0.125	M	Na+	Cricetulus griseus		22.0	7.4
REAC_80			Enzyme wildtype GAT1/GFP	Km	1	M	Na+	Cricetulus griseus		22.0	7.4
REAC_81			Enzyme wildtype GAT1/GFP	Km	4.2E-6	M	4-Aminobutanoate	Cricetulus griseus		22.0	7.4
REAC_81			Enzyme wildtype GAT1/GFP	Vmax	2.5E-8	molswedgeonegwedgeone		Cricetulus griseus		22.0	7.4
REAC_82			Enzyme wildtype GAT1/GFP	Km	4.4E-6	M	4-Aminobutanoate	Cricetulus griseus		22.0	7.4
REAC_82			Enzyme wildtype GAT1/GFP	Vmax	5.166667E-9	molswedgeonegwedgeone		Cricetulus griseus		22.0	7.4
REAC_83	6.1.1.19	R03646	arginine---tRNA ligase(Enzyme) wildtype ArgRS	kcat	0.4	swedgeone		Cricetulus griseus		25.0	7.5
REAC_83	6.1.1.19	R03646	arginine---tRNA ligase(Enzyme) wildtype ArgRS	Km	1.6E-7	M	tRNA(Arg)	Cricetulus griseus		25.0	7.5
REAC_83	6.1.1.19	R03646	arginine---tRNA ligase(Enzyme) wildtype ArgRS	Km	2500000	Mwedgeoneswedgeone	kcat_Km_tRNAArg	Cricetulus griseus		25.0	7.5
REAC_84	6.1.1.19	R03646	arginine---tRNA ligase(Enzyme) wildtype ArgRS-deltaN	kcat	0.17	swedgeone		Cricetulus griseus		25.0	7.5
REAC_84	6.1.1.19	R03646	arginine---tRNA ligase(Enzyme) wildtype ArgRS-deltaN	Km	8.5E-8	M	tRNA(Arg)	Cricetulus griseus		25.0	7.5
REAC_84	6.1.1.19	R03646	arginine---tRNA ligase(Enzyme) wildtype ArgRS-deltaN	Km	2000000	Mwedgeoneswedgeone	kcat_Km_tRNAArg	Cricetulus griseus		25.0	7.5
REAC_85	6.1.1.19	R03646	arginine---tRNA ligase(Enzyme) wildtype ArgRS	Km	170000000	Mwedgeoneswedgeone	kcat_Km_tRNAArg	Cricetulus griseus		25.0	7.5
REAC_85	6.1.1.19	R03646	arginine---tRNA ligase(Enzyme) wildtype ArgRS	Km	2.3E-8	M	tRNA(Arg)	Cricetulus griseus		25.0	7.5
REAC_85	6.1.1.19	R03646	arginine---tRNA ligase(Enzyme) wildtype ArgRS	kcat	3.9	swedgeone		Cricetulus griseus		25.0	7.5
REAC_86	6.1.1.19	R03646	arginine---tRNA ligase(Enzyme) wildtype ArgRS-Cx	kcat	1.1	swedgeone		Cricetulus griseus		25.0	7.5
REAC_86	6.1.1.19	R03646	arginine---tRNA ligase(Enzyme) wildtype ArgRS-Cx	Km	6E-9	M	tRNA(Arg)	Cricetulus griseus		25.0	7.5
REAC_86	6.1.1.19	R03646	arginine---tRNA ligase(Enzyme) wildtype ArgRS-Cx	Km	183000000	Mwedgeoneswedgeone	kcat_Km_tRNAArg	Cricetulus griseus		25.0	7.5
REAC_87	6.1.1.19	R03646	arginine---tRNA ligase(Enzyme) wildtype ArgRS-deltaN	kcat	4	swedgeone		Cricetulus griseus		25.0	7.5
REAC_87	6.1.1.19	R03646	arginine---tRNA ligase(Enzyme) wildtype ArgRS-deltaN	Km	2.4E-8	M	tRNA(Arg)	Cricetulus griseus		25.0	7.5
REAC_87	6.1.1.19	R03646	arginine---tRNA ligase(Enzyme) wildtype ArgRS-deltaN	Km	167000000	Mwedgeoneswedgeone	kcat_Km_tRNAArg	Cricetulus griseus		25.0	7.5
REAC_88	6.1.1.19	R03646	arginine---tRNA ligase(Enzyme) wildtype ArgRS-Cx/Casp7	Km	8E-9	M	tRNA(Arg)	Cricetulus griseus		25.0	7.5
REAC_88	6.1.1.19	R03646	arginine---tRNA ligase(Enzyme) wildtype ArgRS-Cx/Casp7	kcat	1.4	swedgeone		Cricetulus griseus		25.0	7.5
REAC_88	6.1.1.19	R03646	arginine---tRNA ligase(Enzyme) wildtype ArgRS-Cx/Casp7	Km	175000000	Mwedgeoneswedgeone	kcat_Km_tRNAArg	Cricetulus griseus		25.0	7.5
REAC_89	6.1.1.19	R03646	arginine---tRNA ligase(Enzyme) wildtype ArgRS-Cx/Casp7	Km	650000	Mwedgeoneswedgeone	kcat_Km_tRNAArg	Cricetulus griseus		25.0	7.5
REAC_89	6.1.1.19	R03646	arginine---tRNA ligase(Enzyme) wildtype ArgRS-Cx/Casp7	Km	2E-7	M	tRNA(Arg)	Cricetulus griseus		25.0	7.5
REAC_89	6.1.1.19	R03646	arginine---tRNA ligase(Enzyme) wildtype ArgRS-Cx/Casp7	kcat	0.13	swedgeone		Cricetulus griseus		25.0	7.5
REAC_90	6.1.1.19	R03646	arginine---tRNA ligase(Enzyme) wildtype ArgRS-Cx	Km	2E-7	M	tRNA(Arg)	Cricetulus griseus		25.0	7.5
REAC_90	6.1.1.19	R03646	arginine---tRNA ligase(Enzyme) wildtype ArgRS-Cx	kcat	0.16	swedgeone		Cricetulus griseus		25.0	7.5
REAC_90	6.1.1.19	R03646	arginine---tRNA ligase(Enzyme) wildtype ArgRS-Cx	Km	800000	Mwedgeoneswedgeone	kcat_Km_tRNAArg	Cricetulus griseus		25.0	7.5
